user/account_id,user/reputation,user/user_id,user/user_type,user/profile_image,user/display_name,user/link,post_count,score,user/accept_rate,user/reputation,reputation_change_day,reputation,creation_date,user_type,user_id2,location,website_url,link,profile_image,display_name,accept_rate
35417,896863,100297,moderator,https://www.gravatar.com/avatar/24780fb6df85a943c7aea0402c843737?s=128&d=identicon&r=PG,Martijn Pieters,https://stackoverflow.com/users/100297/martijn-pieters,19042,154909,,810,10,896873,1241362437,moderator,100297,Cambridge; UK,http://www.zopatista.com/,https://stackoverflow.com/users/100297/martijn-pieters,https://www.gravatar.com/avatar/24780fb6df85a943c7aea0402c843737?s=128&d=identicon&r=PG,Martijn Pieters,0
64585,719058,190597,registered,https://www.gravatar.com/avatar/aabc98d5c6482ca0e1405ec97710f30a?s=128&d=identicon&r=PG&f=1,unutbu,https://stackoverflow.com/users/190597/unutbu,6903,82887,88,735,10,719068,1255610900,registered,190597,0,0,https://stackoverflow.com/users/190597/unutbu,https://www.gravatar.com/avatar/aabc98d5c6482ca0e1405ec97710f30a?s=128&d=identicon&r=PG&f=1,unutbu,88
34048,768462,95810,registered,https://www.gravatar.com/avatar/e8d5fe90f1fe2148bf130cccd4dc311c?s=128&d=identicon&r=PG,Alex Martelli,https://stackoverflow.com/users/95810/alex-martelli,4383,69967,80,550,0,768462,1240625354,registered,95810,Sunnyvale; CA,http://www.aleax.it,https://stackoverflow.com/users/95810/alex-martelli,https://www.gravatar.com/avatar/e8d5fe90f1fe2148bf130cccd4dc311c?s=128&d=identicon&r=PG,Alex Martelli,80
3465245,639858,2901002,registered,https://i.stack.imgur.com/hMDvl.jpg?s=128&g=1,jezrael,https://stackoverflow.com/users/2901002/jezrael,21152,59910,97,1195,0,639858,1382300846,registered,2901002,Bratislava; Slovakia,0,https://stackoverflow.com/users/2901002/jezrael,https://i.stack.imgur.com/hMDvl.jpg?s=128&g=1,jezrael,97
104636,488500,279627,registered,https://www.gravatar.com/avatar/2dceea858ad8f1577bec6ddaa0485d15?s=128&d=identicon&r=PG,Sven Marnach,https://stackoverflow.com/users/279627/sven-marnach,2067,46861,82,690,20,488500,1266940508,registered,279627,Preetz; Germany,http://marnach.net,https://stackoverflow.com/users/279627/sven-marnach,https://www.gravatar.com/avatar/2dceea858ad8f1577bec6ddaa0485d15?s=128&d=identicon&r=PG,Sven Marnach,82
10930,704207,20862,registered,https://www.gravatar.com/avatar/2343ae368d3241278581ce6c87f62a25?s=128&d=identicon&r=PG,Ignacio Vazquez-Abrams,https://stackoverflow.com/users/20862/ignacio-vazquez-abrams,5604,41583,50,539,0,704207,1222135580,registered,20862,0,0,https://stackoverflow.com/users/20862/ignacio-vazquez-abrams,https://www.gravatar.com/avatar/2343ae368d3241278581ce6c87f62a25?s=128&d=identicon&r=PG,Ignacio Vazquez-Abrams,50
258754,296249,541136,moderator,https://i.stack.imgur.com/wftMn.jpg?s=128&g=1,Aaron Hall,https://stackoverflow.com/users/541136/aaron-hall,625,29293,96,468,0,296249,1292277283,moderator,541136,NYC; NY; United States,https://twitch.tv/aaronchall,https://stackoverflow.com/users/541136/aaron-hall,https://i.stack.imgur.com/wftMn.jpg?s=128&g=1,Aaron Hall,96
3021,349929,4279,registered,https://www.gravatar.com/avatar/d92ce60d3a4cbe03598e27c2e8dee69d?s=128&d=identicon&r=PG,jfs,https://stackoverflow.com/users/4279/jfs,3812,28499,94,378,0,349929,1220371817,registered,4279,Moscow; Russia,0,https://stackoverflow.com/users/4279/jfs,https://www.gravatar.com/avatar/d92ce60d3a4cbe03598e27c2e8dee69d?s=128&d=identicon&r=PG,jfs,94
36572,545257,104349,registered,https://www.gravatar.com/avatar/0f4cefeedec5163556751d61625eedd0?s=128&d=identicon&r=PG,Daniel Roseman,https://stackoverflow.com/users/104349/daniel-roseman,8222,27931,86,486,0,545257,1241958973,registered,104349,London; United Kingdom,http://blog.roseman.org.uk,https://stackoverflow.com/users/104349/daniel-roseman,https://www.gravatar.com/avatar/0f4cefeedec5163556751d61625eedd0?s=128&d=identicon&r=PG,Daniel Roseman,86
808621,315888,908494,registered,https://www.gravatar.com/avatar/7e41acaa8f6a0e0f5a7c645e93add55a?s=128&d=identicon&r=PG,abarnert,https://stackoverflow.com/users/908494/abarnert,6046,27480,25,310,0,315888,1314132930,registered,908494,San Francisco; CA,https://stupidpythonideas.blogspot.com/,https://stackoverflow.com/users/908494/abarnert,https://www.gravatar.com/avatar/7e41acaa8f6a0e0f5a7c645e93add55a?s=128&d=identicon&r=PG,abarnert,25
6321039,280436,4909087,registered,https://i.stack.imgur.com/LmD3e.png?s=128&g=1,cs95,https://stackoverflow.com/users/4909087/cs95,5316,26435,97,718,10,280446,1431873091,registered,4909087,At an ipython shell near you,0,https://stackoverflow.com/users/4909087/cs95,https://i.stack.imgur.com/LmD3e.png?s=128&g=1,cs95,97
226344,294961,487339,registered,https://i.stack.imgur.com/wbe4o.png?s=128&g=1,DSM,https://stackoverflow.com/users/487339/dsm,2187,25751,,285,20,294971,1288081046,registered,487339,Canada,0,https://stackoverflow.com/users/487339/dsm,https://i.stack.imgur.com/wbe4o.png?s=128&g=1,DSM,0
403854,418073,771848,registered,https://i.stack.imgur.com/2DTBv.jpg?s=128&g=1,alecxe,https://stackoverflow.com/users/771848/alecxe,5940,25437,100,350,0,418073,1306434854,registered,771848,New York; United States,http://www.linkedin.com/in/alexanderafanasiev,https://stackoverflow.com/users/771848/alecxe,https://i.stack.imgur.com/2DTBv.jpg?s=128&g=1,alecxe,100
735810,299587,704848,registered,https://www.gravatar.com/avatar/3f9be2c2958e208c8d9b629ac43c9c42?s=128&d=identicon&r=PG,EdChum,https://stackoverflow.com/users/704848/edchum,2560,25249,,630,0,299587,1302639950,registered,704848,0,0,https://stackoverflow.com/users/704848/edchum,https://www.gravatar.com/avatar/3f9be2c2958e208c8d9b629ac43c9c42?s=128&d=identicon&r=PG,EdChum,0
515061,295793,1240268,registered,https://i.stack.imgur.com/RN9Mw.jpg?s=128&g=1,Andy Hayden,https://stackoverflow.com/users/1240268/andy-hayden,1624,25219,90,518,10,295793,1330519260,registered,1240268,San Francisco Bay Area,http://hayd.github.io,https://stackoverflow.com/users/1240268/andy-hayden,https://i.stack.imgur.com/RN9Mw.jpg?s=128&g=1,Andy Hayden,90
680,835124,893,registered,https://www.gravatar.com/avatar/747ffa5da3538e66840ebc0548b8fd58?s=128&d=identicon&r=PG,Greg Hewgill,https://stackoverflow.com/users/893/greg-hewgill,868,24742,84,750,0,835124,1218356820,registered,893,Christchurch; New Zealand,http://hewgill.com,https://stackoverflow.com/users/893/greg-hewgill,https://www.gravatar.com/avatar/747ffa5da3538e66840ebc0548b8fd58?s=128&d=identicon&r=PG,Greg Hewgill,84
176857,317233,2225682,registered,https://www.gravatar.com/avatar/4958f4712d94ab82fe55fa471308e4b5?s=128&d=identicon&r=PG,falsetru,https://stackoverflow.com/users/2225682/falsetru,4066,24100,,150,0,317233,1364589475,registered,2225682,Seoul; South Korea,0,https://stackoverflow.com/users/2225682/falsetru,https://www.gravatar.com/avatar/4958f4712d94ab82fe55fa471308e4b5?s=128&d=identicon&r=PG,falsetru,0
8083,326286,14343,registered,https://www.gravatar.com/avatar/75e9a11371cbe1566607180863efdf4c?s=128&d=identicon&r=PG,Ned Batchelder,https://stackoverflow.com/users/14343/ned-batchelder,1920,23973,78,368,0,326286,1221607083,registered,14343,Boston; MA,http://nedbatchelder.com,https://stackoverflow.com/users/14343/ned-batchelder,https://www.gravatar.com/avatar/75e9a11371cbe1566607180863efdf4c?s=128&d=identicon&r=PG,Ned Batchelder,78
58364,265667,174728,registered,https://i.stack.imgur.com/eRO75.jpg?s=128&g=1,John La Rooy,https://stackoverflow.com/users/174728/john-la-rooy,3358,23957,100,270,0,265667,1253159143,registered,174728,Melbourne; Victoria; Australia,0,https://stackoverflow.com/users/174728/john-la-rooy,https://i.stack.imgur.com/eRO75.jpg?s=128&g=1,John La Rooy,100
6358,361327,10661,registered,https://www.gravatar.com/avatar/c2c732bbf13dc96670b210b3c0c1ead5?s=128&d=identicon&r=PG,S.Lott,https://stackoverflow.com/users/10661/s-lott,2258,23870,91,180,10,361327,1221526075,registered,10661,Norfolk; VA,http://slott-softwarearchitect.blogspot.com/,https://stackoverflow.com/users/10661/s-lott,https://www.gravatar.com/avatar/c2c732bbf13dc96670b210b3c0c1ead5?s=128&d=identicon&r=PG,S.Lott,91
